"run","Blank","Consumer Shock Probability","Consumer Distribution Deviation","Consumer Initial Endowment","Consumer Income","Bank Assets Visible","Consumer Shock Multiplier","All Consumers Visible","Bank Initial Endowment","Consumer Mean Rate of Consumption","Consumer Short Term Payout","Bank Long Term Asset Return","Bank Short Term Asset Return","randomSeed","Consumer Long Term Payout","Expected Average Withdrawal","Bank Count","Consumer Count","Bank Cost 2","Consumer Group Size"
1,0.0,0.5,0.1,100000.0,50000.0,"false",2.0,"false",0.0,0.85,1.308761,1.826087,1.0,-722280057,1.73913,42500.0,1,100,5000.0,10
3,0.006,0.5,0.1,100000.0,50000.0,"false",2.0,"false",0.0,0.85,1.308761,1.826087,1.0,-722277702,1.73913,42500.0,1,100,5000.0,10
5,0.012,0.5,0.1,100000.0,50000.0,"false",2.0,"false",0.0,0.85,1.308761,1.826087,1.0,-722276523,1.73913,42500.0,1,100,5000.0,10
7,0.018,0.5,0.1,100000.0,50000.0,"false",2.0,"false",0.0,0.85,1.308761,1.826087,1.0,-722275389,1.73913,42500.0,1,100,5000.0,10
9,0.024,0.5,0.1,100000.0,50000.0,"false",2.0,"false",0.0,0.85,1.308761,1.826087,1.0,-722274083,1.73913,42500.0,1,100,5000.0,10
11,0.03,0.5,0.1,100000.0,50000.0,"false",2.0,"false",0.0,0.85,1.308761,1.826087,1.0,-722273136,1.73913,42500.0,1,100,5000.0,10
13,0.036,0.5,0.1,100000.0,50000.0,"false",2.0,"false",0.0,0.85,1.308761,1.826087,1.0,-722272213,1.73913,42500.0,1,100,5000.0,10
15,0.042,0.5,0.1,100000.0,50000.0,"false",2.0,"false",0.0,0.85,1.308761,1.826087,1.0,-722270835,1.73913,42500.0,1,100,5000.0,10
17,0.048,0.5,0.1,100000.0,50000.0,"false",2.0,"false",0.0,0.85,1.308761,1.826087,1.0,-722269550,1.73913,42500.0,1,100,5000.0,10
19,0.054,0.5,0.1,100000.0,50000.0,"false",2.0,"false",0.0,0.85,1.308761,1.826087,1.0,-722268262,1.73913,42500.0,1,100,5000.0,10
21,0.06,0.5,0.1,100000.0,50000.0,"false",2.0,"false",0.0,0.85,1.308761,1.826087,1.0,-722266976,1.73913,42500.0,1,100,5000.0,10
23,0.066,0.5,0.1,100000.0,50000.0,"false",2.0,"false",0.0,0.85,1.308761,1.826087,1.0,-722265914,1.73913,42500.0,1,100,5000.0,10
25,0.072,0.5,0.1,100000.0,50000.0,"false",2.0,"false",0.0,0.85,1.308761,1.826087,1.0,-722264804,1.73913,42500.0,1,100,5000.0,10
27,0.078,0.5,0.1,100000.0,50000.0,"false",2.0,"false",0.0,0.85,1.308761,1.826087,1.0,-722263913,1.73913,42500.0,1,100,5000.0,10
29,0.084,0.5,0.1,100000.0,50000.0,"false",2.0,"false",0.0,0.85,1.308761,1.826087,1.0,-722263145,1.73913,42500.0,1,100,5000.0,10
31,0.09,0.5,0.1,100000.0,50000.0,"false",2.0,"false",0.0,0.85,1.308761,1.826087,1.0,-722262315,1.73913,42500.0,1,100,5000.0,10
33,0.096,0.5,0.1,100000.0,50000.0,"false",2.0,"false",0.0,0.85,1.308761,1.826087,1.0,-722261447,1.73913,42500.0,1,100,5000.0,10
35,0.102,0.5,0.1,100000.0,50000.0,"false",2.0,"false",0.0,0.85,1.308761,1.826087,1.0,-722260605,1.73913,42500.0,1,100,5000.0,10
37,0.108,0.5,0.1,100000.0,50000.0,"false",2.0,"false",0.0,0.85,1.308761,1.826087,1.0,-722259904,1.73913,42500.0,1,100,5000.0,10
39,0.114,0.5,0.1,100000.0,50000.0,"false",2.0,"false",0.0,0.85,1.308761,1.826087,1.0,-722259174,1.73913,42500.0,1,100,5000.0,10
41,0.12,0.5,0.1,100000.0,50000.0,"false",2.0,"false",0.0,0.85,1.308761,1.826087,1.0,-722258262,1.73913,42500.0,1,100,5000.0,10
43,0.126,0.5,0.1,100000.0,50000.0,"false",2.0,"false",0.0,0.85,1.308761,1.826087,1.0,-722257397,1.73913,42500.0,1,100,5000.0,10
45,0.132,0.5,0.1,100000.0,50000.0,"false",2.0,"false",0.0,0.85,1.308761,1.826087,1.0,-722256648,1.73913,42500.0,1,100,5000.0,10
47,0.138,0.5,0.1,100000.0,50000.0,"false",2.0,"false",0.0,0.85,1.308761,1.826087,1.0,-722255952,1.73913,42500.0,1,100,5000.0,10
49,0.144,0.5,0.1,100000.0,50000.0,"false",2.0,"false",0.0,0.85,1.308761,1.826087,1.0,-722255138,1.73913,42500.0,1,100,5000.0,10
51,0.15,0.5,0.1,100000.0,50000.0,"false",2.0,"false",0.0,0.85,1.308761,1.826087,1.0,-722254299,1.73913,42500.0,1,100,5000.0,10
53,0.156,0.5,0.1,100000.0,50000.0,"false",2.0,"false",0.0,0.85,1.308761,1.826087,1.0,-722253670,1.73913,42500.0,1,100,5000.0,10
55,0.162,0.5,0.1,100000.0,50000.0,"false",2.0,"false",0.0,0.85,1.308761,1.826087,1.0,-722252901,1.73913,42500.0,1,100,5000.0,10
57,0.168,0.5,0.1,100000.0,50000.0,"false",2.0,"false",0.0,0.85,1.308761,1.826087,1.0,-722252163,1.73913,42500.0,1,100,5000.0,10
59,0.174,0.5,0.1,100000.0,50000.0,"false",2.0,"false",0.0,0.85,1.308761,1.826087,1.0,-722251350,1.73913,42500.0,1,100,5000.0,10
61,0.18,0.5,0.1,100000.0,50000.0,"false",2.0,"false",0.0,0.85,1.308761,1.826087,1.0,-722250568,1.73913,42500.0,1,100,5000.0,10
63,0.186,0.5,0.1,100000.0,50000.0,"false",2.0,"false",0.0,0.85,1.308761,1.826087,1.0,-722249793,1.73913,42500.0,1,100,5000.0,10
65,0.192,0.5,0.1,100000.0,50000.0,"false",2.0,"false",0.0,0.85,1.308761,1.826087,1.0,-722249151,1.73913,42500.0,1,100,5000.0,10
67,0.198,0.5,0.1,100000.0,50000.0,"false",2.0,"false",0.0,0.85,1.308761,1.826087,1.0,-722248339,1.73913,42500.0,1,100,5000.0,10
69,0.204,0.5,0.1,100000.0,50000.0,"false",2.0,"false",0.0,0.85,1.308761,1.826087,1.0,-722247414,1.73913,42500.0,1,100,5000.0,10
71,0.21,0.5,0.1,100000.0,50000.0,"false",2.0,"false",0.0,0.85,1.308761,1.826087,1.0,-722246107,1.73913,42500.0,1,100,5000.0,10
73,0.216,0.5,0.1,100000.0,50000.0,"false",2.0,"false",0.0,0.85,1.308761,1.826087,1.0,-722245067,1.73913,42500.0,1,100,5000.0,10
75,0.222,0.5,0.1,100000.0,50000.0,"false",2.0,"false",0.0,0.85,1.308761,1.826087,1.0,-722244349,1.73913,42500.0,1,100,5000.0,10
77,0.228,0.5,0.1,100000.0,50000.0,"false",2.0,"false",0.0,0.85,1.308761,1.826087,1.0,-722243521,1.73913,42500.0,1,100,5000.0,10
79,0.234,0.5,0.1,100000.0,50000.0,"false",2.0,"false",0.0,0.85,1.308761,1.826087,1.0,-722242752,1.73913,42500.0,1,100,5000.0,10
81,0.24,0.5,0.1,100000.0,50000.0,"false",2.0,"false",0.0,0.85,1.308761,1.826087,1.0,-722241974,1.73913,42500.0,1,100,5000.0,10
83,0.246,0.5,0.1,100000.0,50000.0,"false",2.0,"false",0.0,0.85,1.308761,1.826087,1.0,-722241290,1.73913,42500.0,1,100,5000.0,10
85,0.252,0.5,0.1,100000.0,50000.0,"false",2.0,"false",0.0,0.85,1.308761,1.826087,1.0,-722240229,1.73913,42500.0,1,100,5000.0,10
87,0.258,0.5,0.1,100000.0,50000.0,"false",2.0,"false",0.0,0.85,1.308761,1.826087,1.0,-722239523,1.73913,42500.0,1,100,5000.0,10
89,0.264,0.5,0.1,100000.0,50000.0,"false",2.0,"false",0.0,0.85,1.308761,1.826087,1.0,-722238815,1.73913,42500.0,1,100,5000.0,10
91,0.27,0.5,0.1,100000.0,50000.0,"false",2.0,"false",0.0,0.85,1.308761,1.826087,1.0,-722237937,1.73913,42500.0,1,100,5000.0,10
93,0.276,0.5,0.1,100000.0,50000.0,"false",2.0,"false",0.0,0.85,1.308761,1.826087,1.0,-722237254,1.73913,42500.0,1,100,5000.0,10
95,0.282,0.5,0.1,100000.0,50000.0,"false",2.0,"false",0.0,0.85,1.308761,1.826087,1.0,-722236246,1.73913,42500.0,1,100,5000.0,10
97,0.288,0.5,0.1,100000.0,50000.0,"false",2.0,"false",0.0,0.85,1.308761,1.826087,1.0,-722235503,1.73913,42500.0,1,100,5000.0,10
99,0.294,0.5,0.1,100000.0,50000.0,"false",2.0,"false",0.0,0.85,1.308761,1.826087,1.0,-722234646,1.73913,42500.0,1,100,5000.0,10
101,0.3,0.5,0.1,100000.0,50000.0,"false",2.0,"false",0.0,0.85,1.308761,1.826087,1.0,-722233942,1.73913,42500.0,1,100,5000.0,10
103,0.306,0.5,0.1,100000.0,50000.0,"false",2.0,"false",0.0,0.85,1.308761,1.826087,1.0,-722233197,1.73913,42500.0,1,100,5000.0,10
105,0.312,0.5,0.1,100000.0,50000.0,"false",2.0,"false",0.0,0.85,1.308761,1.826087,1.0,-722232373,1.73913,42500.0,1,100,5000.0,10
107,0.318,0.5,0.1,100000.0,50000.0,"false",2.0,"false",0.0,0.85,1.308761,1.826087,1.0,-722231634,1.73913,42500.0,1,100,5000.0,10
109,0.324,0.5,0.1,100000.0,50000.0,"false",2.0,"false",0.0,0.85,1.308761,1.826087,1.0,-722230888,1.73913,42500.0,1,100,5000.0,10
111,0.33,0.5,0.1,100000.0,50000.0,"false",2.0,"false",0.0,0.85,1.308761,1.826087,1.0,-722230250,1.73913,42500.0,1,100,5000.0,10
113,0.336,0.5,0.1,100000.0,50000.0,"false",2.0,"false",0.0,0.85,1.308761,1.826087,1.0,-722229517,1.73913,42500.0,1,100,5000.0,10
115,0.342,0.5,0.1,100000.0,50000.0,"false",2.0,"false",0.0,0.85,1.308761,1.826087,1.0,-722228796,1.73913,42500.0,1,100,5000.0,10
117,0.348,0.5,0.1,100000.0,50000.0,"false",2.0,"false",0.0,0.85,1.308761,1.826087,1.0,-722228052,1.73913,42500.0,1,100,5000.0,10
119,0.354,0.5,0.1,100000.0,50000.0,"false",2.0,"false",0.0,0.85,1.308761,1.826087,1.0,-722227432,1.73913,42500.0,1,100,5000.0,10
121,0.36,0.5,0.1,100000.0,50000.0,"false",2.0,"false",0.0,0.85,1.308761,1.826087,1.0,-722226559,1.73913,42500.0,1,100,5000.0,10
123,0.366,0.5,0.1,100000.0,50000.0,"false",2.0,"false",0.0,0.85,1.308761,1.826087,1.0,-722225902,1.73913,42500.0,1,100,5000.0,10
125,0.372,0.5,0.1,100000.0,50000.0,"false",2.0,"false",0.0,0.85,1.308761,1.826087,1.0,-722225163,1.73913,42500.0,1,100,5000.0,10
127,0.378,0.5,0.1,100000.0,50000.0,"false",2.0,"false",0.0,0.85,1.308761,1.826087,1.0,-722224296,1.73913,42500.0,1,100,5000.0,10
129,0.384,0.5,0.1,100000.0,50000.0,"false",2.0,"false",0.0,0.85,1.308761,1.826087,1.0,-722223647,1.73913,42500.0,1,100,5000.0,10
131,0.39,0.5,0.1,100000.0,50000.0,"false",2.0,"false",0.0,0.85,1.308761,1.826087,1.0,-722222861,1.73913,42500.0,1,100,5000.0,10
133,0.396,0.5,0.1,100000.0,50000.0,"false",2.0,"false",0.0,0.85,1.308761,1.826087,1.0,-722222106,1.73913,42500.0,1,100,5000.0,10
135,0.402,0.5,0.1,100000.0,50000.0,"false",2.0,"false",0.0,0.85,1.308761,1.826087,1.0,-722221479,1.73913,42500.0,1,100,5000.0,10
137,0.408,0.5,0.1,100000.0,50000.0,"false",2.0,"false",0.0,0.85,1.308761,1.826087,1.0,-722220821,1.73913,42500.0,1,100,5000.0,10
139,0.414,0.5,0.1,100000.0,50000.0,"false",2.0,"false",0.0,0.85,1.308761,1.826087,1.0,-722219980,1.73913,42500.0,1,100,5000.0,10
141,0.42,0.5,0.1,100000.0,50000.0,"false",2.0,"false",0.0,0.85,1.308761,1.826087,1.0,-722219064,1.73913,42500.0,1,100,5000.0,10
143,0.426,0.5,0.1,100000.0,50000.0,"false",2.0,"false",0.0,0.85,1.308761,1.826087,1.0,-722218304,1.73913,42500.0,1,100,5000.0,10
145,0.432,0.5,0.1,100000.0,50000.0,"false",2.0,"false",0.0,0.85,1.308761,1.826087,1.0,-722217490,1.73913,42500.0,1,100,5000.0,10
147,0.438,0.5,0.1,100000.0,50000.0,"false",2.0,"false",0.0,0.85,1.308761,1.826087,1.0,-722216623,1.73913,42500.0,1,100,5000.0,10
149,0.444,0.5,0.1,100000.0,50000.0,"false",2.0,"false",0.0,0.85,1.308761,1.826087,1.0,-722215944,1.73913,42500.0,1,100,5000.0,10
151,0.45,0.5,0.1,100000.0,50000.0,"false",2.0,"false",0.0,0.85,1.308761,1.826087,1.0,-722215139,1.73913,42500.0,1,100,5000.0,10
153,0.456,0.5,0.1,100000.0,50000.0,"false",2.0,"false",0.0,0.85,1.308761,1.826087,1.0,-722214384,1.73913,42500.0,1,100,5000.0,10
155,0.462,0.5,0.1,100000.0,50000.0,"false",2.0,"false",0.0,0.85,1.308761,1.826087,1.0,-722213717,1.73913,42500.0,1,100,5000.0,10
157,0.468,0.5,0.1,100000.0,50000.0,"false",2.0,"false",0.0,0.85,1.308761,1.826087,1.0,-722213017,1.73913,42500.0,1,100,5000.0,10
159,0.474,0.5,0.1,100000.0,50000.0,"false",2.0,"false",0.0,0.85,1.308761,1.826087,1.0,-722212190,1.73913,42500.0,1,100,5000.0,10
161,0.48,0.5,0.1,100000.0,50000.0,"false",2.0,"false",0.0,0.85,1.308761,1.826087,1.0,-722211391,1.73913,42500.0,1,100,5000.0,10
163,0.486,0.5,0.1,100000.0,50000.0,"false",2.0,"false",0.0,0.85,1.308761,1.826087,1.0,-722210604,1.73913,42500.0,1,100,5000.0,10
165,0.492,0.5,0.1,100000.0,50000.0,"false",2.0,"false",0.0,0.85,1.308761,1.826087,1.0,-722209881,1.73913,42500.0,1,100,5000.0,10
167,0.498,0.5,0.1,100000.0,50000.0,"false",2.0,"false",0.0,0.85,1.308761,1.826087,1.0,-722209163,1.73913,42500.0,1,100,5000.0,10
169,0.504,0.5,0.1,100000.0,50000.0,"false",2.0,"false",0.0,0.85,1.308761,1.826087,1.0,-722208334,1.73913,42500.0,1,100,5000.0,10
171,0.51,0.5,0.1,100000.0,50000.0,"false",2.0,"false",0.0,0.85,1.308761,1.826087,1.0,-722207419,1.73913,42500.0,1,100,5000.0,10
173,0.516,0.5,0.1,100000.0,50000.0,"false",2.0,"false",0.0,0.85,1.308761,1.826087,1.0,-722206657,1.73913,42500.0,1,100,5000.0,10
175,0.522,0.5,0.1,100000.0,50000.0,"false",2.0,"false",0.0,0.85,1.308761,1.826087,1.0,-722205929,1.73913,42500.0,1,100,5000.0,10
177,0.528,0.5,0.1,100000.0,50000.0,"false",2.0,"false",0.0,0.85,1.308761,1.826087,1.0,-722205162,1.73913,42500.0,1,100,5000.0,10
179,0.534,0.5,0.1,100000.0,50000.0,"false",2.0,"false",0.0,0.85,1.308761,1.826087,1.0,-722204424,1.73913,42500.0,1,100,5000.0,10
181,0.54,0.5,0.1,100000.0,50000.0,"false",2.0,"false",0.0,0.85,1.308761,1.826087,1.0,-722203640,1.73913,42500.0,1,100,5000.0,10
183,0.546,0.5,0.1,100000.0,50000.0,"false",2.0,"false",0.0,0.85,1.308761,1.826087,1.0,-722202739,1.73913,42500.0,1,100,5000.0,10
185,0.552,0.5,0.1,100000.0,50000.0,"false",2.0,"false",0.0,0.85,1.308761,1.826087,1.0,-722201966,1.73913,42500.0,1,100,5000.0,10
187,0.558,0.5,0.1,100000.0,50000.0,"false",2.0,"false",0.0,0.85,1.308761,1.826087,1.0,-722201258,1.73913,42500.0,1,100,5000.0,10
189,0.564,0.5,0.1,100000.0,50000.0,"false",2.0,"false",0.0,0.85,1.308761,1.826087,1.0,-722200540,1.73913,42500.0,1,100,5000.0,10
191,0.57,0.5,0.1,100000.0,50000.0,"false",2.0,"false",0.0,0.85,1.308761,1.826087,1.0,-722199861,1.73913,42500.0,1,100,5000.0,10
193,0.576,0.5,0.1,100000.0,50000.0,"false",2.0,"false",0.0,0.85,1.308761,1.826087,1.0,-722199126,1.73913,42500.0,1,100,5000.0,10
195,0.582,0.5,0.1,100000.0,50000.0,"false",2.0,"false",0.0,0.85,1.308761,1.826087,1.0,-722198435,1.73913,42500.0,1,100,5000.0,10
197,0.588,0.5,0.1,100000.0,50000.0,"false",2.0,"false",0.0,0.85,1.308761,1.826087,1.0,-722197694,1.73913,42500.0,1,100,5000.0,10
199,0.594,0.5,0.1,100000.0,50000.0,"false",2.0,"false",0.0,0.85,1.308761,1.826087,1.0,-722197027,1.73913,42500.0,1,100,5000.0,10
201,0.6,0.5,0.1,100000.0,50000.0,"false",2.0,"false",0.0,0.85,1.308761,1.826087,1.0,-722196315,1.73913,42500.0,1,100,5000.0,10
203,0.606,0.5,0.1,100000.0,50000.0,"false",2.0,"false",0.0,0.85,1.308761,1.826087,1.0,-722195537,1.73913,42500.0,1,100,5000.0,10
205,0.612,0.5,0.1,100000.0,50000.0,"false",2.0,"false",0.0,0.85,1.308761,1.826087,1.0,-722194793,1.73913,42500.0,1,100,5000.0,10
207,0.618,0.5,0.1,100000.0,50000.0,"false",2.0,"false",0.0,0.85,1.308761,1.826087,1.0,-722194018,1.73913,42500.0,1,100,5000.0,10
209,0.624,0.5,0.1,100000.0,50000.0,"false",2.0,"false",0.0,0.85,1.308761,1.826087,1.0,-722193214,1.73913,42500.0,1,100,5000.0,10
211,0.63,0.5,0.1,100000.0,50000.0,"false",2.0,"false",0.0,0.85,1.308761,1.826087,1.0,-722192575,1.73913,42500.0,1,100,5000.0,10
213,0.636,0.5,0.1,100000.0,50000.0,"false",2.0,"false",0.0,0.85,1.308761,1.826087,1.0,-722191849,1.73913,42500.0,1,100,5000.0,10
215,0.642,0.5,0.1,100000.0,50000.0,"false",2.0,"false",0.0,0.85,1.308761,1.826087,1.0,-722191091,1.73913,42500.0,1,100,5000.0,10
217,0.648,0.5,0.1,100000.0,50000.0,"false",2.0,"false",0.0,0.85,1.308761,1.826087,1.0,-722190336,1.73913,42500.0,1,100,5000.0,10
219,0.654,0.5,0.1,100000.0,50000.0,"false",2.0,"false",0.0,0.85,1.308761,1.826087,1.0,-722189644,1.73913,42500.0,1,100,5000.0,10
221,0.66,0.5,0.1,100000.0,50000.0,"false",2.0,"false",0.0,0.85,1.308761,1.826087,1.0,-722188861,1.73913,42500.0,1,100,5000.0,10
223,0.666,0.5,0.1,100000.0,50000.0,"false",2.0,"false",0.0,0.85,1.308761,1.826087,1.0,-722188195,1.73913,42500.0,1,100,5000.0,10
225,0.672,0.5,0.1,100000.0,50000.0,"false",2.0,"false",0.0,0.85,1.308761,1.826087,1.0,-722187346,1.73913,42500.0,1,100,5000.0,10
227,0.678,0.5,0.1,100000.0,50000.0,"false",2.0,"false",0.0,0.85,1.308761,1.826087,1.0,-722186595,1.73913,42500.0,1,100,5000.0,10
229,0.684,0.5,0.1,100000.0,50000.0,"false",2.0,"false",0.0,0.85,1.308761,1.826087,1.0,-722186025,1.73913,42500.0,1,100,5000.0,10
231,0.69,0.5,0.1,100000.0,50000.0,"false",2.0,"false",0.0,0.85,1.308761,1.826087,1.0,-722185311,1.73913,42500.0,1,100,5000.0,10
233,0.696,0.5,0.1,100000.0,50000.0,"false",2.0,"false",0.0,0.85,1.308761,1.826087,1.0,-722184582,1.73913,42500.0,1,100,5000.0,10
235,0.702,0.5,0.1,100000.0,50000.0,"false",2.0,"false",0.0,0.85,1.308761,1.826087,1.0,-722183872,1.73913,42500.0,1,100,5000.0,10
237,0.708,0.5,0.1,100000.0,50000.0,"false",2.0,"false",0.0,0.85,1.308761,1.826087,1.0,-722183104,1.73913,42500.0,1,100,5000.0,10
239,0.714,0.5,0.1,100000.0,50000.0,"false",2.0,"false",0.0,0.85,1.308761,1.826087,1.0,-722182293,1.73913,42500.0,1,100,5000.0,10
241,0.72,0.5,0.1,100000.0,50000.0,"false",2.0,"false",0.0,0.85,1.308761,1.826087,1.0,-722181395,1.73913,42500.0,1,100,5000.0,10
243,0.726,0.5,0.1,100000.0,50000.0,"false",2.0,"false",0.0,0.85,1.308761,1.826087,1.0,-722180580,1.73913,42500.0,1,100,5000.0,10
245,0.732,0.5,0.1,100000.0,50000.0,"false",2.0,"false",0.0,0.85,1.308761,1.826087,1.0,-722179884,1.73913,42500.0,1,100,5000.0,10
247,0.738,0.5,0.1,100000.0,50000.0,"false",2.0,"false",0.0,0.85,1.308761,1.826087,1.0,-722179118,1.73913,42500.0,1,100,5000.0,10
249,0.744,0.5,0.1,100000.0,50000.0,"false",2.0,"false",0.0,0.85,1.308761,1.826087,1.0,-722178421,1.73913,42500.0,1,100,5000.0,10
251,0.75,0.5,0.1,100000.0,50000.0,"false",2.0,"false",0.0,0.85,1.308761,1.826087,1.0,-722177704,1.73913,42500.0,1,100,5000.0,10
253,0.756,0.5,0.1,100000.0,50000.0,"false",2.0,"false",0.0,0.85,1.308761,1.826087,1.0,-722176953,1.73913,42500.0,1,100,5000.0,10
255,0.762,0.5,0.1,100000.0,50000.0,"false",2.0,"false",0.0,0.85,1.308761,1.826087,1.0,-722176227,1.73913,42500.0,1,100,5000.0,10
257,0.768,0.5,0.1,100000.0,50000.0,"false",2.0,"false",0.0,0.85,1.308761,1.826087,1.0,-722175466,1.73913,42500.0,1,100,5000.0,10
259,0.774,0.5,0.1,100000.0,50000.0,"false",2.0,"false",0.0,0.85,1.308761,1.826087,1.0,-722174728,1.73913,42500.0,1,100,5000.0,10
261,0.78,0.5,0.1,100000.0,50000.0,"false",2.0,"false",0.0,0.85,1.308761,1.826087,1.0,-722173967,1.73913,42500.0,1,100,5000.0,10
263,0.786,0.5,0.1,100000.0,50000.0,"false",2.0,"false",0.0,0.85,1.308761,1.826087,1.0,-722173261,1.73913,42500.0,1,100,5000.0,10
265,0.792,0.5,0.1,100000.0,50000.0,"false",2.0,"false",0.0,0.85,1.308761,1.826087,1.0,-722172579,1.73913,42500.0,1,100,5000.0,10
267,0.798,0.5,0.1,100000.0,50000.0,"false",2.0,"false",0.0,0.85,1.308761,1.826087,1.0,-722171870,1.73913,42500.0,1,100,5000.0,10
269,0.804,0.5,0.1,100000.0,50000.0,"false",2.0,"false",0.0,0.85,1.308761,1.826087,1.0,-722171207,1.73913,42500.0,1,100,5000.0,10
271,0.81,0.5,0.1,100000.0,50000.0,"false",2.0,"false",0.0,0.85,1.308761,1.826087,1.0,-722170518,1.73913,42500.0,1,100,5000.0,10
273,0.816,0.5,0.1,100000.0,50000.0,"false",2.0,"false",0.0,0.85,1.308761,1.826087,1.0,-722169745,1.73913,42500.0,1,100,5000.0,10
275,0.822,0.5,0.1,100000.0,50000.0,"false",2.0,"false",0.0,0.85,1.308761,1.826087,1.0,-722169001,1.73913,42500.0,1,100,5000.0,10
277,0.828,0.5,0.1,100000.0,50000.0,"false",2.0,"false",0.0,0.85,1.308761,1.826087,1.0,-722168234,1.73913,42500.0,1,100,5000.0,10
279,0.834,0.5,0.1,100000.0,50000.0,"false",2.0,"false",0.0,0.85,1.308761,1.826087,1.0,-722167593,1.73913,42500.0,1,100,5000.0,10
281,0.84,0.5,0.1,100000.0,50000.0,"false",2.0,"false",0.0,0.85,1.308761,1.826087,1.0,-722166866,1.73913,42500.0,1,100,5000.0,10
283,0.846,0.5,0.1,100000.0,50000.0,"false",2.0,"false",0.0,0.85,1.308761,1.826087,1.0,-722166099,1.73913,42500.0,1,100,5000.0,10
285,0.852,0.5,0.1,100000.0,50000.0,"false",2.0,"false",0.0,0.85,1.308761,1.826087,1.0,-722165337,1.73913,42500.0,1,100,5000.0,10
287,0.858,0.5,0.1,100000.0,50000.0,"false",2.0,"false",0.0,0.85,1.308761,1.826087,1.0,-722164643,1.73913,42500.0,1,100,5000.0,10
289,0.864,0.5,0.1,100000.0,50000.0,"false",2.0,"false",0.0,0.85,1.308761,1.826087,1.0,-722163988,1.73913,42500.0,1,100,5000.0,10
291,0.87,0.5,0.1,100000.0,50000.0,"false",2.0,"false",0.0,0.85,1.308761,1.826087,1.0,-722163240,1.73913,42500.0,1,100,5000.0,10
293,0.876,0.5,0.1,100000.0,50000.0,"false",2.0,"false",0.0,0.85,1.308761,1.826087,1.0,-722162429,1.73913,42500.0,1,100,5000.0,10
295,0.882,0.5,0.1,100000.0,50000.0,"false",2.0,"false",0.0,0.85,1.308761,1.826087,1.0,-722161732,1.73913,42500.0,1,100,5000.0,10
297,0.888,0.5,0.1,100000.0,50000.0,"false",2.0,"false",0.0,0.85,1.308761,1.826087,1.0,-722161016,1.73913,42500.0,1,100,5000.0,10
299,0.894,0.5,0.1,100000.0,50000.0,"false",2.0,"false",0.0,0.85,1.308761,1.826087,1.0,-722160172,1.73913,42500.0,1,100,5000.0,10
301,0.9,0.5,0.1,100000.0,50000.0,"false",2.0,"false",0.0,0.85,1.308761,1.826087,1.0,-722159463,1.73913,42500.0,1,100,5000.0,10
303,0.906,0.5,0.1,100000.0,50000.0,"false",2.0,"false",0.0,0.85,1.308761,1.826087,1.0,-722158781,1.73913,42500.0,1,100,5000.0,10
305,0.912,0.5,0.1,100000.0,50000.0,"false",2.0,"false",0.0,0.85,1.308761,1.826087,1.0,-722158201,1.73913,42500.0,1,100,5000.0,10
307,0.918,0.5,0.1,100000.0,50000.0,"false",2.0,"false",0.0,0.85,1.308761,1.826087,1.0,-722157492,1.73913,42500.0,1,100,5000.0,10
309,0.924,0.5,0.1,100000.0,50000.0,"false",2.0,"false",0.0,0.85,1.308761,1.826087,1.0,-722156640,1.73913,42500.0,1,100,5000.0,10
311,0.93,0.5,0.1,100000.0,50000.0,"false",2.0,"false",0.0,0.85,1.308761,1.826087,1.0,-722155949,1.73913,42500.0,1,100,5000.0,10
313,0.936,0.5,0.1,100000.0,50000.0,"false",2.0,"false",0.0,0.85,1.308761,1.826087,1.0,-722155302,1.73913,42500.0,1,100,5000.0,10
315,0.942,0.5,0.1,100000.0,50000.0,"false",2.0,"false",0.0,0.85,1.308761,1.826087,1.0,-722154517,1.73913,42500.0,1,100,5000.0,10
317,0.948,0.5,0.1,100000.0,50000.0,"false",2.0,"false",0.0,0.85,1.308761,1.826087,1.0,-722153778,1.73913,42500.0,1,100,5000.0,10
319,0.954,0.5,0.1,100000.0,50000.0,"false",2.0,"false",0.0,0.85,1.308761,1.826087,1.0,-722153101,1.73913,42500.0,1,100,5000.0,10
321,0.96,0.5,0.1,100000.0,50000.0,"false",2.0,"false",0.0,0.85,1.308761,1.826087,1.0,-722152365,1.73913,42500.0,1,100,5000.0,10
323,0.966,0.5,0.1,100000.0,50000.0,"false",2.0,"false",0.0,0.85,1.308761,1.826087,1.0,-722151562,1.73913,42500.0,1,100,5000.0,10
325,0.972,0.5,0.1,100000.0,50000.0,"false",2.0,"false",0.0,0.85,1.308761,1.826087,1.0,-722150891,1.73913,42500.0,1,100,5000.0,10
327,0.978,0.5,0.1,100000.0,50000.0,"false",2.0,"false",0.0,0.85,1.308761,1.826087,1.0,-722150142,1.73913,42500.0,1,100,5000.0,10
329,0.984,0.5,0.1,100000.0,50000.0,"false",2.0,"false",0.0,0.85,1.308761,1.826087,1.0,-722149480,1.73913,42500.0,1,100,5000.0,10
331,0.99,0.5,0.1,100000.0,50000.0,"false",2.0,"false",0.0,0.85,1.308761,1.826087,1.0,-722148656,1.73913,42500.0,1,100,5000.0,10
333,0.996,0.5,0.1,100000.0,50000.0,"false",2.0,"false",0.0,0.85,1.308761,1.826087,1.0,-722147881,1.73913,42500.0,1,100,5000.0,10
2,0.003,0.5,0.1,100000.0,50000.0,"false",2.0,"false",0.0,0.85,1.308761,1.826087,1.0,-722280060,1.73913,42500.0,1,100,5000.0,10
4,0.009,0.5,0.1,100000.0,50000.0,"false",2.0,"false",0.0,0.85,1.308761,1.826087,1.0,-722277622,1.73913,42500.0,1,100,5000.0,10
6,0.015,0.5,0.1,100000.0,50000.0,"false",2.0,"false",0.0,0.85,1.308761,1.826087,1.0,-722276287,1.73913,42500.0,1,100,5000.0,10
8,0.021,0.5,0.1,100000.0,50000.0,"false",2.0,"false",0.0,0.85,1.308761,1.826087,1.0,-722275195,1.73913,42500.0,1,100,5000.0,10
10,0.027,0.5,0.1,100000.0,50000.0,"false",2.0,"false",0.0,0.85,1.308761,1.826087,1.0,-722274035,1.73913,42500.0,1,100,5000.0,10
12,0.033,0.5,0.1,100000.0,50000.0,"false",2.0,"false",0.0,0.85,1.308761,1.826087,1.0,-722273071,1.73913,42500.0,1,100,5000.0,10
14,0.039,0.5,0.1,100000.0,50000.0,"false",2.0,"false",0.0,0.85,1.308761,1.826087,1.0,-722271889,1.73913,42500.0,1,100,5000.0,10
16,0.045,0.5,0.1,100000.0,50000.0,"false",2.0,"false",0.0,0.85,1.308761,1.826087,1.0,-722270892,1.73913,42500.0,1,100,5000.0,10
18,0.051,0.5,0.1,100000.0,50000.0,"false",2.0,"false",0.0,0.85,1.308761,1.826087,1.0,-722269339,1.73913,42500.0,1,100,5000.0,10
20,0.057,0.5,0.1,100000.0,50000.0,"false",2.0,"false",0.0,0.85,1.308761,1.826087,1.0,-722268285,1.73913,42500.0,1,100,5000.0,10
22,0.063,0.5,0.1,100000.0,50000.0,"false",2.0,"false",0.0,0.85,1.308761,1.826087,1.0,-722267126,1.73913,42500.0,1,100,5000.0,10
24,0.069,0.5,0.1,100000.0,50000.0,"false",2.0,"false",0.0,0.85,1.308761,1.826087,1.0,-722266008,1.73913,42500.0,1,100,5000.0,10
26,0.075,0.5,0.1,100000.0,50000.0,"false",2.0,"false",0.0,0.85,1.308761,1.826087,1.0,-722265056,1.73913,42500.0,1,100,5000.0,10
28,0.081,0.5,0.1,100000.0,50000.0,"false",2.0,"false",0.0,0.85,1.308761,1.826087,1.0,-722264140,1.73913,42500.0,1,100,5000.0,10
30,0.087,0.5,0.1,100000.0,50000.0,"false",2.0,"false",0.0,0.85,1.308761,1.826087,1.0,-722263287,1.73913,42500.0,1,100,5000.0,10
32,0.093,0.5,0.1,100000.0,50000.0,"false",2.0,"false",0.0,0.85,1.308761,1.826087,1.0,-722262480,1.73913,42500.0,1,100,5000.0,10
34,0.099,0.5,0.1,100000.0,50000.0,"false",2.0,"false",0.0,0.85,1.308761,1.826087,1.0,-722261542,1.73913,42500.0,1,100,5000.0,10
36,0.105,0.5,0.1,100000.0,50000.0,"false",2.0,"false",0.0,0.85,1.308761,1.826087,1.0,-722260840,1.73913,42500.0,1,100,5000.0,10
38,0.111,0.5,0.1,100000.0,50000.0,"false",2.0,"false",0.0,0.85,1.308761,1.826087,1.0,-722260085,1.73913,42500.0,1,100,5000.0,10
40,0.117,0.5,0.1,100000.0,50000.0,"false",2.0,"false",0.0,0.85,1.308761,1.826087,1.0,-722259395,1.73913,42500.0,1,100,5000.0,10
42,0.123,0.5,0.1,100000.0,50000.0,"false",2.0,"false",0.0,0.85,1.308761,1.826087,1.0,-722258675,1.73913,42500.0,1,100,5000.0,10
44,0.129,0.5,0.1,100000.0,50000.0,"false",2.0,"false",0.0,0.85,1.308761,1.826087,1.0,-722257873,1.73913,42500.0,1,100,5000.0,10
46,0.135,0.5,0.1,100000.0,50000.0,"false",2.0,"false",0.0,0.85,1.308761,1.826087,1.0,-722257083,1.73913,42500.0,1,100,5000.0,10
48,0.141,0.5,0.1,100000.0,50000.0,"false",2.0,"false",0.0,0.85,1.308761,1.826087,1.0,-722256204,1.73913,42500.0,1,100,5000.0,10
50,0.147,0.5,0.1,100000.0,50000.0,"false",2.0,"false",0.0,0.85,1.308761,1.826087,1.0,-722255418,1.73913,42500.0,1,100,5000.0,10
52,0.153,0.5,0.1,100000.0,50000.0,"false",2.0,"false",0.0,0.85,1.308761,1.826087,1.0,-722254711,1.73913,42500.0,1,100,5000.0,10
54,0.159,0.5,0.1,100000.0,50000.0,"false",2.0,"false",0.0,0.85,1.308761,1.826087,1.0,-722253896,1.73913,42500.0,1,100,5000.0,10
56,0.165,0.5,0.1,100000.0,50000.0,"false",2.0,"false",0.0,0.85,1.308761,1.826087,1.0,-722252943,1.73913,42500.0,1,100,5000.0,10
58,0.171,0.5,0.1,100000.0,50000.0,"false",2.0,"false",0.0,0.85,1.308761,1.826087,1.0,-722252123,1.73913,42500.0,1,100,5000.0,10
60,0.177,0.5,0.1,100000.0,50000.0,"false",2.0,"false",0.0,0.85,1.308761,1.826087,1.0,-722251397,1.73913,42500.0,1,100,5000.0,10
62,0.183,0.5,0.1,100000.0,50000.0,"false",2.0,"false",0.0,0.85,1.308761,1.826087,1.0,-722250665,1.73913,42500.0,1,100,5000.0,10
64,0.189,0.5,0.1,100000.0,50000.0,"false",2.0,"false",0.0,0.85,1.308761,1.826087,1.0,-722249888,1.73913,42500.0,1,100,5000.0,10
66,0.195,0.5,0.1,100000.0,50000.0,"false",2.0,"false",0.0,0.85,1.308761,1.826087,1.0,-722249045,1.73913,42500.0,1,100,5000.0,10
68,0.201,0.5,0.1,100000.0,50000.0,"false",2.0,"false",0.0,0.85,1.308761,1.826087,1.0,-722248325,1.73913,42500.0,1,100,5000.0,10
70,0.207,0.5,0.1,100000.0,50000.0,"false",2.0,"false",0.0,0.85,1.308761,1.826087,1.0,-722247652,1.73913,42500.0,1,100,5000.0,10
72,0.213,0.5,0.1,100000.0,50000.0,"false",2.0,"false",0.0,0.85,1.308761,1.826087,1.0,-722246683,1.73913,42500.0,1,100,5000.0,10
74,0.219,0.5,0.1,100000.0,50000.0,"false",2.0,"false",0.0,0.85,1.308761,1.826087,1.0,-722245516,1.73913,42500.0,1,100,5000.0,10
76,0.225,0.5,0.1,100000.0,50000.0,"false",2.0,"false",0.0,0.85,1.308761,1.826087,1.0,-722244565,1.73913,42500.0,1,100,5000.0,10
78,0.231,0.5,0.1,100000.0,50000.0,"false",2.0,"false",0.0,0.85,1.308761,1.826087,1.0,-722243856,1.73913,42500.0,1,100,5000.0,10
80,0.237,0.5,0.1,100000.0,50000.0,"false",2.0,"false",0.0,0.85,1.308761,1.826087,1.0,-722242746,1.73913,42500.0,1,100,5000.0,10
82,0.243,0.5,0.1,100000.0,50000.0,"false",2.0,"false",0.0,0.85,1.308761,1.826087,1.0,-722241944,1.73913,42500.0,1,100,5000.0,10
84,0.249,0.5,0.1,100000.0,50000.0,"false",2.0,"false",0.0,0.85,1.308761,1.826087,1.0,-722241005,1.73913,42500.0,1,100,5000.0,10
86,0.255,0.5,0.1,100000.0,50000.0,"false",2.0,"false",0.0,0.85,1.308761,1.826087,1.0,-722240265,1.73913,42500.0,1,100,5000.0,10
88,0.261,0.5,0.1,100000.0,50000.0,"false",2.0,"false",0.0,0.85,1.308761,1.826087,1.0,-722239520,1.73913,42500.0,1,100,5000.0,10
90,0.267,0.5,0.1,100000.0,50000.0,"false",2.0,"false",0.0,0.85,1.308761,1.826087,1.0,-722238680,1.73913,42500.0,1,100,5000.0,10
92,0.273,0.5,0.1,100000.0,50000.0,"false",2.0,"false",0.0,0.85,1.308761,1.826087,1.0,-722238104,1.73913,42500.0,1,100,5000.0,10
94,0.279,0.5,0.1,100000.0,50000.0,"false",2.0,"false",0.0,0.85,1.308761,1.826087,1.0,-722237104,1.73913,42500.0,1,100,5000.0,10
96,0.285,0.5,0.1,100000.0,50000.0,"false",2.0,"false",0.0,0.85,1.308761,1.826087,1.0,-722236290,1.73913,42500.0,1,100,5000.0,10
98,0.291,0.5,0.1,100000.0,50000.0,"false",2.0,"false",0.0,0.85,1.308761,1.826087,1.0,-722235547,1.73913,42500.0,1,100,5000.0,10
100,0.297,0.5,0.1,100000.0,50000.0,"false",2.0,"false",0.0,0.85,1.308761,1.826087,1.0,-722234851,1.73913,42500.0,1,100,5000.0,10
102,0.303,0.5,0.1,100000.0,50000.0,"false",2.0,"false",0.0,0.85,1.308761,1.826087,1.0,-722234086,1.73913,42500.0,1,100,5000.0,10
104,0.309,0.5,0.1,100000.0,50000.0,"false",2.0,"false",0.0,0.85,1.308761,1.826087,1.0,-722233283,1.73913,42500.0,1,100,5000.0,10
106,0.315,0.5,0.1,100000.0,50000.0,"false",2.0,"false",0.0,0.85,1.308761,1.826087,1.0,-722232561,1.73913,42500.0,1,100,5000.0,10
108,0.321,0.5,0.1,100000.0,50000.0,"false",2.0,"false",0.0,0.85,1.308761,1.826087,1.0,-722231822,1.73913,42500.0,1,100,5000.0,10
110,0.327,0.5,0.1,100000.0,50000.0,"false",2.0,"false",0.0,0.85,1.308761,1.826087,1.0,-722231157,1.73913,42500.0,1,100,5000.0,10
112,0.333,0.5,0.1,100000.0,50000.0,"false",2.0,"false",0.0,0.85,1.308761,1.826087,1.0,-722230348,1.73913,42500.0,1,100,5000.0,10
114,0.339,0.5,0.1,100000.0,50000.0,"false",2.0,"false",0.0,0.85,1.308761,1.826087,1.0,-722229703,1.73913,42500.0,1,100,5000.0,10
116,0.345,0.5,0.1,100000.0,50000.0,"false",2.0,"false",0.0,0.85,1.308761,1.826087,1.0,-722228889,1.73913,42500.0,1,100,5000.0,10
118,0.351,0.5,0.1,100000.0,50000.0,"false",2.0,"false",0.0,0.85,1.308761,1.826087,1.0,-722228189,1.73913,42500.0,1,100,5000.0,10
120,0.357,0.5,0.1,100000.0,50000.0,"false",2.0,"false",0.0,0.85,1.308761,1.826087,1.0,-722227285,1.73913,42500.0,1,100,5000.0,10
122,0.363,0.5,0.1,100000.0,50000.0,"false",2.0,"false",0.0,0.85,1.308761,1.826087,1.0,-722226573,1.73913,42500.0,1,100,5000.0,10
124,0.369,0.5,0.1,100000.0,50000.0,"false",2.0,"false",0.0,0.85,1.308761,1.826087,1.0,-722225816,1.73913,42500.0,1,100,5000.0,10
126,0.375,0.5,0.1,100000.0,50000.0,"false",2.0,"false",0.0,0.85,1.308761,1.826087,1.0,-722225132,1.73913,42500.0,1,100,5000.0,10
128,0.381,0.5,0.1,100000.0,50000.0,"false",2.0,"false",0.0,0.85,1.308761,1.826087,1.0,-722224408,1.73913,42500.0,1,100,5000.0,10
130,0.387,0.5,0.1,100000.0,50000.0,"false",2.0,"false",0.0,0.85,1.308761,1.826087,1.0,-722223554,1.73913,42500.0,1,100,5000.0,10
132,0.393,0.5,0.1,100000.0,50000.0,"false",2.0,"false",0.0,0.85,1.308761,1.826087,1.0,-722222943,1.73913,42500.0,1,100,5000.0,10
134,0.399,0.5,0.1,100000.0,50000.0,"false",2.0,"false",0.0,0.85,1.308761,1.826087,1.0,-722222202,1.73913,42500.0,1,100,5000.0,10
136,0.405,0.5,0.1,100000.0,50000.0,"false",2.0,"false",0.0,0.85,1.308761,1.826087,1.0,-722221530,1.73913,42500.0,1,100,5000.0,10
138,0.411,0.5,0.1,100000.0,50000.0,"false",2.0,"false",0.0,0.85,1.308761,1.826087,1.0,-722220517,1.73913,42500.0,1,100,5000.0,10
140,0.417,0.5,0.1,100000.0,50000.0,"false",2.0,"false",0.0,0.85,1.308761,1.826087,1.0,-722219733,1.73913,42500.0,1,100,5000.0,10
142,0.423,0.5,0.1,100000.0,50000.0,"false",2.0,"false",0.0,0.85,1.308761,1.826087,1.0,-722218962,1.73913,42500.0,1,100,5000.0,10
144,0.429,0.5,0.1,100000.0,50000.0,"false",2.0,"false",0.0,0.85,1.308761,1.826087,1.0,-722218218,1.73913,42500.0,1,100,5000.0,10
146,0.435,0.5,0.1,100000.0,50000.0,"false",2.0,"false",0.0,0.85,1.308761,1.826087,1.0,-722217478,1.73913,42500.0,1,100,5000.0,10
148,0.441,0.5,0.1,100000.0,50000.0,"false",2.0,"false",0.0,0.85,1.308761,1.826087,1.0,-722216712,1.73913,42500.0,1,100,5000.0,10
150,0.447,0.5,0.1,100000.0,50000.0,"false",2.0,"false",0.0,0.85,1.308761,1.826087,1.0,-722215893,1.73913,42500.0,1,100,5000.0,10
152,0.453,0.5,0.1,100000.0,50000.0,"false",2.0,"false",0.0,0.85,1.308761,1.826087,1.0,-722215119,1.73913,42500.0,1,100,5000.0,10
154,0.459,0.5,0.1,100000.0,50000.0,"false",2.0,"false",0.0,0.85,1.308761,1.826087,1.0,-722214398,1.73913,42500.0,1,100,5000.0,10
156,0.465,0.5,0.1,100000.0,50000.0,"false",2.0,"false",0.0,0.85,1.308761,1.826087,1.0,-722213672,1.73913,42500.0,1,100,5000.0,10
158,0.471,0.5,0.1,100000.0,50000.0,"false",2.0,"false",0.0,0.85,1.308761,1.826087,1.0,-722212986,1.73913,42500.0,1,100,5000.0,10
160,0.477,0.5,0.1,100000.0,50000.0,"false",2.0,"false",0.0,0.85,1.308761,1.826087,1.0,-722212346,1.73913,42500.0,1,100,5000.0,10
162,0.483,0.5,0.1,100000.0,50000.0,"false",2.0,"false",0.0,0.85,1.308761,1.826087,1.0,-722211671,1.73913,42500.0,1,100,5000.0,10
164,0.489,0.5,0.1,100000.0,50000.0,"false",2.0,"false",0.0,0.85,1.308761,1.826087,1.0,-722210991,1.73913,42500.0,1,100,5000.0,10
166,0.495,0.5,0.1,100000.0,50000.0,"false",2.0,"false",0.0,0.85,1.308761,1.826087,1.0,-722210157,1.73913,42500.0,1,100,5000.0,10
168,0.501,0.5,0.1,100000.0,50000.0,"false",2.0,"false",0.0,0.85,1.308761,1.826087,1.0,-722209474,1.73913,42500.0,1,100,5000.0,10
170,0.507,0.5,0.1,100000.0,50000.0,"false",2.0,"false",0.0,0.85,1.308761,1.826087,1.0,-722208672,1.73913,42500.0,1,100,5000.0,10
172,0.513,0.5,0.1,100000.0,50000.0,"false",2.0,"false",0.0,0.85,1.308761,1.826087,1.0,-722207836,1.73913,42500.0,1,100,5000.0,10
174,0.519,0.5,0.1,100000.0,50000.0,"false",2.0,"false",0.0,0.85,1.308761,1.826087,1.0,-722207113,1.73913,42500.0,1,100,5000.0,10
176,0.525,0.5,0.1,100000.0,50000.0,"false",2.0,"false",0.0,0.85,1.308761,1.826087,1.0,-722206395,1.73913,42500.0,1,100,5000.0,10
178,0.531,0.5,0.1,100000.0,50000.0,"false",2.0,"false",0.0,0.85,1.308761,1.826087,1.0,-722205632,1.73913,42500.0,1,100,5000.0,10
180,0.537,0.5,0.1,100000.0,50000.0,"false",2.0,"false",0.0,0.85,1.308761,1.826087,1.0,-722204890,1.73913,42500.0,1,100,5000.0,10
182,0.543,0.5,0.1,100000.0,50000.0,"false",2.0,"false",0.0,0.85,1.308761,1.826087,1.0,-722204208,1.73913,42500.0,1,100,5000.0,10
184,0.549,0.5,0.1,100000.0,50000.0,"false",2.0,"false",0.0,0.85,1.308761,1.826087,1.0,-722203525,1.73913,42500.0,1,100,5000.0,10
186,0.555,0.5,0.1,100000.0,50000.0,"false",2.0,"false",0.0,0.85,1.308761,1.826087,1.0,-722202896,1.73913,42500.0,1,100,5000.0,10
188,0.561,0.5,0.1,100000.0,50000.0,"false",2.0,"false",0.0,0.85,1.308761,1.826087,1.0,-722202112,1.73913,42500.0,1,100,5000.0,10
190,0.567,0.5,0.1,100000.0,50000.0,"false",2.0,"false",0.0,0.85,1.308761,1.826087,1.0,-722201394,1.73913,42500.0,1,100,5000.0,10
192,0.573,0.5,0.1,100000.0,50000.0,"false",2.0,"false",0.0,0.85,1.308761,1.826087,1.0,-722200625,1.73913,42500.0,1,100,5000.0,10
194,0.579,0.5,0.1,100000.0,50000.0,"false",2.0,"false",0.0,0.85,1.308761,1.826087,1.0,-722199750,1.73913,42500.0,1,100,5000.0,10
196,0.585,0.5,0.1,100000.0,50000.0,"false",2.0,"false",0.0,0.85,1.308761,1.826087,1.0,-722199030,1.73913,42500.0,1,100,5000.0,10
198,0.591,0.5,0.1,100000.0,50000.0,"false",2.0,"false",0.0,0.85,1.308761,1.826087,1.0,-722198210,1.73913,42500.0,1,100,5000.0,10
200,0.597,0.5,0.1,100000.0,50000.0,"false",2.0,"false",0.0,0.85,1.308761,1.826087,1.0,-722197515,1.73913,42500.0,1,100,5000.0,10
202,0.603,0.5,0.1,100000.0,50000.0,"false",2.0,"false",0.0,0.85,1.308761,1.826087,1.0,-722196746,1.73913,42500.0,1,100,5000.0,10
204,0.609,0.5,0.1,100000.0,50000.0,"false",2.0,"false",0.0,0.85,1.308761,1.826087,1.0,-722195931,1.73913,42500.0,1,100,5000.0,10
206,0.615,0.5,0.1,100000.0,50000.0,"false",2.0,"false",0.0,0.85,1.308761,1.826087,1.0,-722195230,1.73913,42500.0,1,100,5000.0,10
208,0.621,0.5,0.1,100000.0,50000.0,"false",2.0,"false",0.0,0.85,1.308761,1.826087,1.0,-722194551,1.73913,42500.0,1,100,5000.0,10
210,0.627,0.5,0.1,100000.0,50000.0,"false",2.0,"false",0.0,0.85,1.308761,1.826087,1.0,-722193884,1.73913,42500.0,1,100,5000.0,10
212,0.633,0.5,0.1,100000.0,50000.0,"false",2.0,"false",0.0,0.85,1.308761,1.826087,1.0,-722193237,1.73913,42500.0,1,100,5000.0,10
214,0.639,0.5,0.1,100000.0,50000.0,"false",2.0,"false",0.0,0.85,1.308761,1.826087,1.0,-722192436,1.73913,42500.0,1,100,5000.0,10
216,0.645,0.5,0.1,100000.0,50000.0,"false",2.0,"false",0.0,0.85,1.308761,1.826087,1.0,-722191741,1.73913,42500.0,1,100,5000.0,10
218,0.651,0.5,0.1,100000.0,50000.0,"false",2.0,"false",0.0,0.85,1.308761,1.826087,1.0,-722190965,1.73913,42500.0,1,100,5000.0,10
220,0.657,0.5,0.1,100000.0,50000.0,"false",2.0,"false",0.0,0.85,1.308761,1.826087,1.0,-722190250,1.73913,42500.0,1,100,5000.0,10
222,0.663,0.5,0.1,100000.0,50000.0,"false",2.0,"false",0.0,0.85,1.308761,1.826087,1.0,-722189527,1.73913,42500.0,1,100,5000.0,10
224,0.669,0.5,0.1,100000.0,50000.0,"false",2.0,"false",0.0,0.85,1.308761,1.826087,1.0,-722188817,1.73913,42500.0,1,100,5000.0,10
226,0.675,0.5,0.1,100000.0,50000.0,"false",2.0,"false",0.0,0.85,1.308761,1.826087,1.0,-722188138,1.73913,42500.0,1,100,5000.0,10
228,0.681,0.5,0.1,100000.0,50000.0,"false",2.0,"false",0.0,0.85,1.308761,1.826087,1.0,-722187459,1.73913,42500.0,1,100,5000.0,10
230,0.687,0.5,0.1,100000.0,50000.0,"false",2.0,"false",0.0,0.85,1.308761,1.826087,1.0,-722186766,1.73913,42500.0,1,100,5000.0,10
232,0.693,0.5,0.1,100000.0,50000.0,"false",2.0,"false",0.0,0.85,1.308761,1.826087,1.0,-722186047,1.73913,42500.0,1,100,5000.0,10
234,0.699,0.5,0.1,100000.0,50000.0,"false",2.0,"false",0.0,0.85,1.308761,1.826087,1.0,-722185287,1.73913,42500.0,1,100,5000.0,10
236,0.705,0.5,0.1,100000.0,50000.0,"false",2.0,"false",0.0,0.85,1.308761,1.826087,1.0,-722184578,1.73913,42500.0,1,100,5000.0,10
238,0.711,0.5,0.1,100000.0,50000.0,"false",2.0,"false",0.0,0.85,1.308761,1.826087,1.0,-722183696,1.73913,42500.0,1,100,5000.0,10
240,0.717,0.5,0.1,100000.0,50000.0,"false",2.0,"false",0.0,0.85,1.308761,1.826087,1.0,-722183095,1.73913,42500.0,1,100,5000.0,10
242,0.723,0.5,0.1,100000.0,50000.0,"false",2.0,"false",0.0,0.85,1.308761,1.826087,1.0,-722182252,1.73913,42500.0,1,100,5000.0,10
244,0.729,0.5,0.1,100000.0,50000.0,"false",2.0,"false",0.0,0.85,1.308761,1.826087,1.0,-722181585,1.73913,42500.0,1,100,5000.0,10
246,0.735,0.5,0.1,100000.0,50000.0,"false",2.0,"false",0.0,0.85,1.308761,1.826087,1.0,-722180943,1.73913,42500.0,1,100,5000.0,10
248,0.741,0.5,0.1,100000.0,50000.0,"false",2.0,"false",0.0,0.85,1.308761,1.826087,1.0,-722180220,1.73913,42500.0,1,100,5000.0,10
250,0.747,0.5,0.1,100000.0,50000.0,"false",2.0,"false",0.0,0.85,1.308761,1.826087,1.0,-722179499,1.73913,42500.0,1,100,5000.0,10
252,0.753,0.5,0.1,100000.0,50000.0,"false",2.0,"false",0.0,0.85,1.308761,1.826087,1.0,-722178886,1.73913,42500.0,1,100,5000.0,10
254,0.759,0.5,0.1,100000.0,50000.0,"false",2.0,"false",0.0,0.85,1.308761,1.826087,1.0,-722178195,1.73913,42500.0,1,100,5000.0,10
256,0.765,0.5,0.1,100000.0,50000.0,"false",2.0,"false",0.0,0.85,1.308761,1.826087,1.0,-722177510,1.73913,42500.0,1,100,5000.0,10
258,0.771,0.5,0.1,100000.0,50000.0,"false",2.0,"false",0.0,0.85,1.308761,1.826087,1.0,-722176807,1.73913,42500.0,1,100,5000.0,10
260,0.777,0.5,0.1,100000.0,50000.0,"false",2.0,"false",0.0,0.85,1.308761,1.826087,1.0,-722176028,1.73913,42500.0,1,100,5000.0,10
262,0.783,0.5,0.1,100000.0,50000.0,"false",2.0,"false",0.0,0.85,1.308761,1.826087,1.0,-722175254,1.73913,42500.0,1,100,5000.0,10
264,0.789,0.5,0.1,100000.0,50000.0,"false",2.0,"false",0.0,0.85,1.308761,1.826087,1.0,-722174451,1.73913,42500.0,1,100,5000.0,10
266,0.795,0.5,0.1,100000.0,50000.0,"false",2.0,"false",0.0,0.85,1.308761,1.826087,1.0,-722173807,1.73913,42500.0,1,100,5000.0,10
268,0.801,0.5,0.1,100000.0,50000.0,"false",2.0,"false",0.0,0.85,1.308761,1.826087,1.0,-722173047,1.73913,42500.0,1,100,5000.0,10
270,0.807,0.5,0.1,100000.0,50000.0,"false",2.0,"false",0.0,0.85,1.308761,1.826087,1.0,-722172386,1.73913,42500.0,1,100,5000.0,10
272,0.813,0.5,0.1,100000.0,50000.0,"false",2.0,"false",0.0,0.85,1.308761,1.826087,1.0,-722171662,1.73913,42500.0,1,100,5000.0,10
274,0.819,0.5,0.1,100000.0,50000.0,"false",2.0,"false",0.0,0.85,1.308761,1.826087,1.0,-722170854,1.73913,42500.0,1,100,5000.0,10
276,0.825,0.5,0.1,100000.0,50000.0,"false",2.0,"false",0.0,0.85,1.308761,1.826087,1.0,-722169972,1.73913,42500.0,1,100,5000.0,10
278,0.831,0.5,0.1,100000.0,50000.0,"false",2.0,"false",0.0,0.85,1.308761,1.826087,1.0,-722169288,1.73913,42500.0,1,100,5000.0,10
280,0.837,0.5,0.1,100000.0,50000.0,"false",2.0,"false",0.0,0.85,1.308761,1.826087,1.0,-722168577,1.73913,42500.0,1,100,5000.0,10
282,0.843,0.5,0.1,100000.0,50000.0,"false",2.0,"false",0.0,0.85,1.308761,1.826087,1.0,-722167798,1.73913,42500.0,1,100,5000.0,10
284,0.849,0.5,0.1,100000.0,50000.0,"false",2.0,"false",0.0,0.85,1.308761,1.826087,1.0,-722167100,1.73913,42500.0,1,100,5000.0,10
286,0.855,0.5,0.1,100000.0,50000.0,"false",2.0,"false",0.0,0.85,1.308761,1.826087,1.0,-722166394,1.73913,42500.0,1,100,5000.0,10
288,0.861,0.5,0.1,100000.0,50000.0,"false",2.0,"false",0.0,0.85,1.308761,1.826087,1.0,-722165714,1.73913,42500.0,1,100,5000.0,10
290,0.867,0.5,0.1,100000.0,50000.0,"false",2.0,"false",0.0,0.85,1.308761,1.826087,1.0,-722164949,1.73913,42500.0,1,100,5000.0,10
292,0.873,0.5,0.1,100000.0,50000.0,"false",2.0,"false",0.0,0.85,1.308761,1.826087,1.0,-722164230,1.73913,42500.0,1,100,5000.0,10
294,0.879,0.5,0.1,100000.0,50000.0,"false",2.0,"false",0.0,0.85,1.308761,1.826087,1.0,-722163605,1.73913,42500.0,1,100,5000.0,10
296,0.885,0.5,0.1,100000.0,50000.0,"false",2.0,"false",0.0,0.85,1.308761,1.826087,1.0,-722162918,1.73913,42500.0,1,100,5000.0,10
298,0.891,0.5,0.1,100000.0,50000.0,"false",2.0,"false",0.0,0.85,1.308761,1.826087,1.0,-722162129,1.73913,42500.0,1,100,5000.0,10
300,0.897,0.5,0.1,100000.0,50000.0,"false",2.0,"false",0.0,0.85,1.308761,1.826087,1.0,-722161336,1.73913,42500.0,1,100,5000.0,10
302,0.903,0.5,0.1,100000.0,50000.0,"false",2.0,"false",0.0,0.85,1.308761,1.826087,1.0,-722160704,1.73913,42500.0,1,100,5000.0,10
304,0.909,0.5,0.1,100000.0,50000.0,"false",2.0,"false",0.0,0.85,1.308761,1.826087,1.0,-722159900,1.73913,42500.0,1,100,5000.0,10
306,0.915,0.5,0.1,100000.0,50000.0,"false",2.0,"false",0.0,0.85,1.308761,1.826087,1.0,-722159003,1.73913,42500.0,1,100,5000.0,10
308,0.921,0.5,0.1,100000.0,50000.0,"false",2.0,"false",0.0,0.85,1.308761,1.826087,1.0,-722158280,1.73913,42500.0,1,100,5000.0,10
310,0.927,0.5,0.1,100000.0,50000.0,"false",2.0,"false",0.0,0.85,1.308761,1.826087,1.0,-722157482,1.73913,42500.0,1,100,5000.0,10
312,0.933,0.5,0.1,100000.0,50000.0,"false",2.0,"false",0.0,0.85,1.308761,1.826087,1.0,-722156664,1.73913,42500.0,1,100,5000.0,10
314,0.939,0.5,0.1,100000.0,50000.0,"false",2.0,"false",0.0,0.85,1.308761,1.826087,1.0,-722155832,1.73913,42500.0,1,100,5000.0,10
316,0.945,0.5,0.1,100000.0,50000.0,"false",2.0,"false",0.0,0.85,1.308761,1.826087,1.0,-722155070,1.73913,42500.0,1,100,5000.0,10
318,0.951,0.5,0.1,100000.0,50000.0,"false",2.0,"false",0.0,0.85,1.308761,1.826087,1.0,-722154383,1.73913,42500.0,1,100,5000.0,10
320,0.957,0.5,0.1,100000.0,50000.0,"false",2.0,"false",0.0,0.85,1.308761,1.826087,1.0,-722153708,1.73913,42500.0,1,100,5000.0,10
322,0.963,0.5,0.1,100000.0,50000.0,"false",2.0,"false",0.0,0.85,1.308761,1.826087,1.0,-722152913,1.73913,42500.0,1,100,5000.0,10
324,0.969,0.5,0.1,100000.0,50000.0,"false",2.0,"false",0.0,0.85,1.308761,1.826087,1.0,-722152257,1.73913,42500.0,1,100,5000.0,10
326,0.975,0.5,0.1,100000.0,50000.0,"false",2.0,"false",0.0,0.85,1.308761,1.826087,1.0,-722151424,1.73913,42500.0,1,100,5000.0,10
328,0.981,0.5,0.1,100000.0,50000.0,"false",2.0,"false",0.0,0.85,1.308761,1.826087,1.0,-722150681,1.73913,42500.0,1,100,5000.0,10
330,0.987,0.5,0.1,100000.0,50000.0,"false",2.0,"false",0.0,0.85,1.308761,1.826087,1.0,-722149889,1.73913,42500.0,1,100,5000.0,10
332,0.993,0.5,0.1,100000.0,50000.0,"false",2.0,"false",0.0,0.85,1.308761,1.826087,1.0,-722149257,1.73913,42500.0,1,100,5000.0,10
334,0.999,0.5,0.1,100000.0,50000.0,"false",2.0,"false",0.0,0.85,1.308761,1.826087,1.0,-722148585,1.73913,42500.0,1,100,5000.0,10
